Domain,Moz Rank,Domain Rank,Page Rank
barobin.com,barobin.com/,3.6,1.55
buzzon.live,buzzon.live/,3.5,2.5
thecoin.pw,thecoin.pw/,3.5,1.77
takfe.com,takfe.com/,3.3,5.1
filwe.com,filwe.com/,3.3,5.2
bafaq.com,bafaq.com/,3.3,5.16
juzat.com,juzat.com/,3.3,5.2
husef.com,husef.com/,3.3,5.1
kihaj.com,kihaj.com/,3.3,5.2
mejod.com,mejod.com/,3.3,5.1
gurif.com,gurif.com/,3.3,5.2
tawsu.com,tawsu.com/,3.3,5.2
ruheb.com,ruheb.com/,3.3,5.2
pikeh.com,pikeh.com/,3.3,5.2
puzut.com,puzut.com/,3.3,5.1
hopaj.com,hopaj.com/,3.3,5.2
rebtu.com,rebtu.com/,3.3,4.95
mikfu.com,mikfu.com/,3.3,5.2
mepma.com,mepma.com/,3.3,5.2
napih.com,napih.com/,3.3,5.2
pusab.com,pusab.com/,3.3,5.2
rinoj.com,rinoj.com/,3.3,5.2
tazni.com,tazni.com/,3.3,5.2
tisug.com,tisug.com/,3.3,5.2
rowef.com,rowef.com/,3.3,5.16
micuy.com,micuy.com/,3.3,5.2
zepfo.com,zepfo.com/,3.3,5.2
nipev.com,nipev.com/,3.3,5.1
zofed.com,zofed.com/,3.3,5.1
rifbo.com,rifbo.com/,3.3,5.1
pezso.com,pezso.com/,3.3,5.2
tezog.com,tezog.com/,3.3,5.2
zextu.com,zextu.com/,3.3,5.16
lixno.com,lixno.com/,3.3,5.1
purop.com,purop.com/,3.3,5.2
jefai.com,jefai.com/,3.3,5.2
novte.com,novte.com/,3.3,5.1
otpen.com,otpen.com/,3.3,5.1
eonal.com,eonal.com/,3.3,5.2
kapeb.com,kapeb.com/,3.3,5.1
bonuf.com,bonuf.com/,3.3,5.2
eikad.com,eikad.com/,3.3,5.1
jonaf.com,jonaf.com/,3.4,5.0
bufot.com,bufot.com/,3.3,5.2
namub.com,namub.com/,3.3,5.1
kilfe.com,kilfe.com/,3.3,5.1
lotev.com,lotev.com/,3.3,5.1
zudre.com,zudre.com/,3.3,5.2
mubaf.com,mubaf.com/,3.3,5.2
hafmu.com,hafmu.com/,3.3,5.2
susew.com,susew.com/,3.3,5.16
behoz.com,behoz.com/,3.3,5.2
cifum.com,cifum.com/,3.3,5.2
jahum.com,jahum.com/,3.3,5.2
mieal.com,mieal.com/,3.3,5.2
eufol.com,eufol.com/,3.3,5.2
tefom.com,tefom.com/,3.3,5.2
laziy.com,laziy.com/,3.3,5.1
tuzih.com,tuzih.com/,3.3,5.2
papew.com,papew.com/,3.3,5.2
kigbe.com,kigbe.com/,3.3,5.1
tieav.com,tieav.com/,3.3,5.13
tosuh.com,tosuh.com/,3.3,5.2
sagub.com,sagub.com/,3.3,5.1
dosaz.com,dosaz.com/,3.3,4.84
iseaz.com,iseaz.com/,3.3,5.2
kayec.com,kayec.com/,3.3,5.1
eatgu.com,eatgu.com/,3.3,5.1
sewni.com,sewni.com/,3.3,5.2
euhol.com,euhol.com/,3.3,5.2
fozde.com,fozde.com/,3.3,5.2
furov.com,furov.com/,3.3,5.1
fumaj.com,fumaj.com/,3.3,5.2
geduf.com,geduf.com/,3.3,5.02
prauo.com,prauo.com/,3.3,5.2
rowfo.com,rowfo.com/,3.3,4.53
pubfo.com,pubfo.com/,3.3,5.1
setug.com,setug.com/,3.4,5.1
mizub.com,mizub.com/,4.3,0.18
ruhaz.com,ruhaz.com/,3.3,5.26
rajbo.com,rajbo.com/,3.5,2.43
repbi.com,repbi.com/,3.3,5.1
vesud.com,vesud.com/,3.3,5.2
rakyi.com,rakyi.com/,3.3,5.1
sozma.com,sozma.com/,3.3,5.1
zasro.com,zasro.com/,3.3,5.2
kahoj.com,kahoj.com/,3.3,5.1
lemjo.com,lemjo.com/,3.3,5.1
kawfa.com,kawfa.com/,3.3,5.2
wesot.com,wesot.com/,3.0,4.85
havoz.com,havoz.com/,3.3,5.2
hafot.com,hafot.com/,3.3,5.1
kagte.com,kagte.com/,3.3,5.2
nigeh.com,nigeh.com/,3.4,3.72
zonib.com,zonib.com/,3.3,5.2
mebsu.com,mebsu.com/,3.3,5.2
lubwe.com,lubwe.com/,3.3,5.2
gatob.com,gatob.com/,3.3,5.2
faxsu.com,faxsu.com/,3.3,5.2
rudso.com,rudso.com/,3.3,5.2
zafma.com,zafma.com/,4.8,3.55
vulep.com,vulep.com/,3.3,5.26
siluy.com,siluy.com/,3.3,5.09
dasgu.com,dasgu.com/,3.3,5.2
deroj.com,deroj.com/,3.3,5.16
rozib.com,rozib.com/,3.3,5.25
kageg.com,kageg.com/,3.3,5.2
zikli.com,zikli.com/,3.3,5.2
wikbo.com,wikbo.com/,3.3,5.2
josib.com,josib.com/,3.0,4.9
orzik.com,orzik.com/,3.3,5.2
pitfe.com,pitfe.com/,3.3,4.99
reqru.com,reqru.com/,3.3,4.98
ayfai.com,ayfai.com/,3.3,5.2
taniw.com,taniw.com/,3.3,4.58
hegud.com,hegud.com/,3.3,5.16
meyfo.com,meyfo.com/,3.3,5.1
giwam.com,giwam.com/,5.0,1.34
tojug.com,tojug.com/,3.3,4.95
pogab.com,pogab.com/,3.3,5.2
rofek.com,rofek.com/,3.3,5.3
kuwot.com,kuwot.com/,3.3,5.2
naweh.com,naweh.com/,3.3,5.1
pocaw.com,pocaw.com/,3.3,5.2
bofud.com,bofud.com/,3.3,5.1
nosru.com,nosru.com/,3.3,5.2
aisze.com,aisze.com/,3.3,5.1
busew.com,busew.com/,3.3,5.2
filuv.com,filuv.com/,3.3,5.2
tikfe.com,tikfe.com/,3.5,5.4
bivow.com,bivow.com/,3.3,5.2
kizag.com,kizag.com/,3.3,5.2
pisre.com,pisre.com/,3.3,4.92
fowlu.com,fowlu.com/,3.4,4.44
jugef.com,jugef.com/,3.3,5.1
febuz.com,febuz.com/,3.4,5.1
hefaw.com,hefaw.com/,3.4,4.69
mavef.com,mavef.com/,3.3,5.2
osheb.com,osheb.com/,3.3,5.2
takuf.com,takuf.com/,3.3,5.2
namuf.com,namuf.com/,3.4,5.0
libep.com,libep.com/,3.4,5.27
topiw.com,topiw.com/,3.3,5.2
koliw.com,koliw.com/,3.3,5.2
tewfi.com,tewfi.com/,3.3,5.2
nojag.com,nojag.com/,3.3,5.16
nufak.com,nufak.com/,3.3,5.2
dieut.com,dieut.com/,3.3,4.85
racza.com,racza.com/,3.3,5.2
furoh.com,furoh.com/,3.3,5.2
nudut.com,nudut.com/,3.3,5.2
zanuf.com,zanuf.com/,3.3,5.2
faxci.com,faxci.com/,3.3,5.2
mofek.com,mofek.com/,3.3,5.2
lihaz.com,lihaz.com/,3.3,5.2
cuwal.com,cuwal.com/,3.5,5.4
nigep.com,nigep.com/,3.3,5.05
rukto.com,rukto.com/,3.3,5.2
nekag.com,nekag.com/,3.3,5.1
caruf.com,caruf.com/,3.9,4.28
kubef.com,kubef.com/,3.3,5.1
gejam.com,gejam.com/,3.3,5.16
sewaj.com,sewaj.com/,3.3,5.2
bospe.com,bospe.com/,3.3,5.2
cisob.com,cisob.com/,3.3,5.2
donej.com,donej.com/,3.3,5.3
hevow.com,hevow.com/,3.3,5.2
famuh.com,famuh.com/,3.3,5.1
hineg.com,hineg.com/,3.3,5.2
ziyum.com,ziyum.com/,3.3,5.2
haymu.com,haymu.com/,3.3,5.1
hevoi.com,hevoi.com/,3.3,5.1
wispu.com,wispu.com/,3.3,5.2
lihew.com,lihew.com/,3.3,5.2
daruv.com,daruv.com/,3.3,5.2
kuzib.com,kuzib.com/,3.3,5.2
hamuh.com,hamuh.com/,3.3,5.06
kugib.com,kugib.com/,3.3,5.2
zamej.com,zamej.com/,3.3,5.1
lufef.com,lufef.com/,3.3,5.1
jehod.com,jehod.com/,3.3,5.2
migij.com,migij.com/,3.3,5.2
jekuv.com,jekuv.com/,3.3,5.1
batdu.com,batdu.com/,3.5,2.68
befiv.com,befiv.com/,3.3,5.2
pegur.com,pegur.com/,3.3,5.2
mikug.com,mikug.com/,3.3,5.2
rocfo.com,rocfo.com/,3.3,5.2
kejiz.com,kejiz.com/,3.3,5.2
opcum.com,opcum.com/,3.3,5.16
jusap.com,jusap.com/,3.3,5.2
wixbu.com,wixbu.com/,3.3,5.2
eavol.com,eavol.com/,3.3,5.2
tumiw.com,tumiw.com/,4.9,1.23
cisud.com,cisud.com/,3.3,5.2
pazfu.com,pazfu.com/,3.3,5.2
pufno.com,pufno.com/,3.3,5.2
powbi.com,powbi.com/,3.6,5.5
lopab.com,lopab.com/,3.3,5.2
rudza.com,rudza.com/,3.3,5.2
puleg.com,puleg.com/,3.3,5.2
hosaw.com,hosaw.com/,3.3,5.2
nicvo.com,nicvo.com/,3.5,5.4
dulav.com,dulav.com/,3.3,5.2
mewom.com,mewom.com/,3.3,5.2
eidok.com,eidok.com/,3.4,4.92
nefot.com,nefot.com/,3.3,5.2
himef.com,himef.com/,3.3,5.2
poraw.com,poraw.com/,3.3,5.2
tivez.com,tivez.com/,3.3,5.2
fajew.com,fajew.com/,3.3,5.05
eosmu.com,eosmu.com/,3.3,5.2
cazep.com,cazep.com/,3.3,5.2
bezub.com,bezub.com/,3.3,5.2
tadof.com,tadof.com/,3.3,5.06
febne.com,febne.com/,3.3,5.2
bizug.com,bizug.com/,3.3,5.16
omfar.com,omfar.com/,3.3,5.2
